{
  "cx": 641.068883438,
  "cy": 507.72159802,
  "depth_scale": 0.1,
  "fx": 1075.65091572,
  "fy": 1073.90347929,
  "height": 1024,
  "width": 1280
}